wavelength_nm,port_1_db,port_2_db,port_3_db,port_4_db,port_5_db,port_6_db,port_7_db,port_8_db
1268.5,-19.054875538917393,-32.14139692805462,-27.20102048663548,-17.797288881145523,-20.4120175304504,-19.41928083921204,-22.712346860863256,-0.2568815094149162
1268.6,-20.81057952702278,-34.084718946042834,-29.052789946899892,-19.906742365571247,-21.43026464719672,-20.596129083215917,-23.765624532185925,-0.17847247213371964
1268.7,-23.15491689525701,-36.62040635987064,-31.498057815731983,-22.60380496029569,-22.64292878007759,-21.967092619329513,-25.00212883924846,-0.11535805500415143
1268.8,-26.576673205804354,-40.23741312096905,-35.02569879780304,-26.377693800965673,-24.11615240969416,-23.598367035265003,-26.481055236031295,-0.0674130106978031
1268.9,-32.68754648094174,-46.547616846718604,-41.247517774717025,-32.84053052138866,-25.961099425694663,-25.60116890629654,-28.29981381422887,-0.0345454353040516
1269.0,-56.588398913015325,-60.0,-60.0,-57.09359578204142,-28.38693589165237,-28.1847166488645,-30.635999590214062,-0.016695909919618685
1269.1,-31.337383024973814,-45.60913494655704,-40.13494650993649,-32.19545816326139,-31.865863631587818,-31.82126419447275,-33.86979334191246,-0.013836974071023132
1269.2,-25.413280250079865,-39.89780829650549,-34.337795832234555,-26.6253154360745,-37.922900348462186,-38.035881194562535,-39.09544076777442,-0.025972919609468015
1269.3,-21.835390069347444,-36.53762698727004,-30.8925316144904,-23.402886392272364,-60.0,-60.0,-54.12575909133434,-0.05313990085129916
1269.4,-19.24830113868664,-34.17343326453717,-28.443946138663012,-21.1731847088831,-37.45576074085475,-37.88399109899809,-42.98292548266368,-0.09540636371534834
1269.5,-17.214030414868233,-32.36751717722329,-26.55428263517525,-19.49866090055755,-31.509912143967995,-32.09591560331394,-35.89747384137734,-0.15287380369139894
1269.6,-15.534730977301773,-30.922326456429033,-25.025944822813283,-18.181913104054498,-28.01390557292509,-28.75785052710753,-32.10397180140946,-0.22567786994641004
1269.7,-14.103959981669135,-29.731736804718786,-23.75276689914825,-17.116958182169114,-25.539244476959585,-26.441351758229832,-29.52555175299272,-0.31398984102043953
1269.8,-12.857798605800264,-28.732174502606572,-22.671135882707354,-16.2403550646884,-23.63313325076579,-24.69367648778107,-27.59127857547757,-0.4180185067284791
1269.9,-11.754827585946718,-27.882594986248705,-21.739969956114752,-15.511183989651887,-22.092970529918663,-23.312276594672948,-26.060581722304722,-0.538012501486751
1270.0,-10.76665944634932,-27.155018566531023,-20.931253976364253,-14.90158282312242,-20.81049611889966,-22.188945664601047,-24.809268111478655,-0.6742631467551842
1270.1,-9.872981472768016,-26.5295774219085,-20.225086281133862,-14.391794596843162,-19.721107039980403,-21.259135132092997,-23.76488679277103,-0.8271078753532914
1270.2,-9.05875340148224,-25.991717936017142,-19.606880859245276,-13.96737034088808,-18.783229694206682,-20.481326537254773,-22.881558837018794,-0.9969343287295135
1270.3,-8.312525200024645,-25.530523878412872,-19.065690381112038,-13.617492715009789,-17.968612786731157,-19.827324549896712,-22.128481560499466,-1.1841852410000488
1270.4,-7.625377207123889,-25.137662846553507,-18.593152505138693,-13.333922861489317,-17.257264834971153,-19.277194579967762,-21.48406211511208,-1.3893642520136937
1270.5,-6.990225245007258,-24.80669876921771,-18.182802258421667,-13.110313283785551,-16.634603105637524,-18.816411820797633,-20.932667916184503,-1.6130428276521709
1270.6,-6.40134954156035,-24.532629542880528,-17.82960956165627,-12.941745826152856,-16.089749703980964,-18.4341574490272,-20.462709622653946,-1.8558685116319886
1270.7,-5.854066162909588,-24.31156879635835,-17.529660892188563,-12.824413752725516,-15.614464514777893,-18.122251681263975,-20.065452999529644,-2.118574792387438
1270.8,-5.344492156680535,-24.140523358417703,-17.279936658687355,-12.755399503616637,-15.202451954595515,-17.87446064761018,-19.73425338812463,-2.4019929461051555
1270.9,-4.869374056903423,-24.017236558830227,-17.078154416874018,-12.732518261017482,-14.848897822284727,-17.686033369625896,-19.464047591278117,-2.7070663188989084
1271.0,-4.425960286343338,-23.940078518530115,-16.922659081039985,-12.75420848319631,-14.550153948718359,-17.55338654443983,-19.25100956335775,-3.034867646896777
1271.1,-4.011904631939452,-23.90797141371374,-16.81234811538142,-12.819457393227776,-14.303521738641432,-17.473888228622098,-19.092314742343518,-3.386620195730305
1271.2,-3.6251921401532288,-23.92034212818438,-16.746624118746027,-12.92775383852453,-14.107104770745655,-17.44571058873464,-18.98597958271615,-3.7637237497971965
1271.3,-3.264081468254493,-23.97709775472387,-16.725370262937005,-13.079063983547602,-13.959712056112007,-17.46773331960886,-18.930755732455257,-4.167786825144272
1271.4,-2.9270595022830475,-24.07862168161639,-16.748946320142565,-13.273827573237957,-13.860800793059449,-17.539486569364115,-18.926066361280537,-4.6006669601979
1271.5,-2.6128052481807225,-24.22578990865235,-16.818204923320362,-13.512974412770934,-13.810452379104923,-17.661127132952814,-18.97197755650255,-5.064521620766424
1271.6,-2.32016082365071,-24.42000908860333,-16.934529555082058,-13.79796256076814,-13.809379156858155,-17.833445392249136,-19.069201714354072,-5.561873240412431
1271.7,-2.04810795180233,-24.66327988180246,-17.09989785230912,-14.130841824632782,-13.858962618580364,-18.05790372873768,-19.21913328679007,-6.095693364337761
1271.8,-1.7957487645846346,-24.958291899858814,-17.316976502172093,-14.514348834958756,-13.961327175555358,-18.336710516407777,-19.42392074284134,-6.669513033874503
1271.9,-1.562290016866259,-25.30856031328041,-17.589257803993398,-14.952043774631496,-14.119457753619844,-18.67293795784722,-19.68658283567344,-7.287569872141231
1272.0,-1.347030025701833,-25.718619934166355,-17.92125370782064,-15.448504574529613,-14.33737527536719,-19.07069782585812,-20.011183116868253,-7.955007549997949
1272.1,-1.1493478070519942,-26.19430168993447,-18.318772245399998,-16.00960349248059,-14.620392924939852,-19.53539800855236,-20.403085509626578,-8.67815173538245
1272.2,-0.9686940000762583,-26.743131483821706,-18.789316349032493,-16.6429060718267,-14.975490416694559,-20.074117081493487,-20.86932810198574,-9.464900658584298
1272.3,-0.8045832581151466,-27.374917473603197,-19.34267108952979,-17.358258511603463,-15.411867919982264,-20.696158561676725,-21.419176768989125,-10.325292641409405
1272.4,-0.6565878533316784,-28.102638797714874,-19.99179236222366,-18.168676478034115,-15.941785010567735,-21.413890216778057,-22.064963963128452,-11.272356497665971
1272.5,-0.5243322943467134,-28.94383800128783,-20.754199273343907,-19.0917376102973,-16.58187237251871,-22.244056156723833,-22.82340037444683,-12.323432947169051
1272.6,-0.4074887968468402,-29.92289912761223,-21.654252192071883,-20.151859686520346,-17.355268484246487,-23.209913944973106,-23.717711678107413,-13.50231960632534
1272.7,-0.30577347917171205,-31.07498219167966,-22.727087184737794,-21.384235167021146,-18.295285964171605,-24.344901409137787,-24.781305033943543,-14.842944492336347
1272.8,-0.2189431802501561,-32.45330347933799,-24.025896274514608,-22.842111558681104,-19.452135264925126,-25.699360844588746,-26.064493019803802,-16.396095939703727
1272.9,-0.14679281760899188,-34.14388298032927,-25.636674834691917,-24.611538909045287,-20.90637837443344,-27.353993274817363,-27.64794765304815,-18.24288175724344
1273.0,-0.08915321973429403,-36.299374268374585,-27.712051428531936,-26.84519974359263,-22.799255963769923,-29.45018621457631,-29.673027938622212,-20.525061204264393
1273.1,-0.04588938063791334,-39.232321816886156,-30.564545084101198,-29.85566643503105,-25.414063830528406,-32.27139079165083,-32.423156793273364,-23.52642574943651
1273.2,-0.016899095874671654,-43.765261077838424,-35.01666533144884,-34.46550133238304,-29.467053139737033,-36.534022737371956,-36.614721850723065,-27.963703210211715
1273.3,-0.0021119489242361414,-53.94196963440358,-45.112163312553555,-44.718507960688704,-38.05469897257613,-45.33473176549932,-45.344344662803806,-36.9338298643128
1273.4,-0.0014886252964793093,-52.126461116106874,-43.21502565261703,-42.97872498028599,-40.28022463575178,-47.776926803135645,-47.715405756074986,-39.540478056003124
1273.5,-0.015020539270184373,-43.16217519557682,-34.16866441160174,-34.08961622491566,-29.653906470351888,-37.37108182500257,-37.23835029138875,-29.294364097060278
1273.6,-0.04272976514188515,-38.870694544367375,-29.79463399330563,-29.872787696315783,-24.86473084311715,-32.8063939885969,-32.60234602016936,-24.884908200031674
1273.7,-0.0846692715262262,-36.0411788120617,-26.882065075969024,-27.117421579632413,-21.6968576475048,-29.867248414574338,-29.591747877981184,-22.096700821027998
1273.8,-0.14092346385515886,-33.94309314635726,-24.700393081936017,-25.093004797519207,-19.31045179848719,-27.714051116208083,-27.366930715271344,-20.090336942857114
1273.9,-0.21160904702464078,-32.28895146426607,-22.962101396270715,-23.512072313157894,-17.388147671196002,-26.029695051398996,-25.61075513447918,-18.548883293805392
1274.0,-0.2968762273995815,-30.93572350744136,-21.52412836712124,-22.23161421533602,-15.775244090460944,-24.65975693186941,-24.168764063357116,-17.31807615409374
1274.1,-0.3969102813908995,-29.801868664119976,-20.304901070080753,-21.170109568166474,-14.384567240529984,-23.517362191479805,-22.954047460971438,-16.31118716536183
1274.2,-0.5119335269064779,-28.836531595823125,-19.253530874429835,-20.276722063679916,-13.16209518363754,-22.548811841183696,-21.91286887750701,-15.474650880462379
1274.3,-0.6422077445460097,-28.005909098179544,-18.336180240352004,-19.517666906736558,-12.072009294463577,-21.71863656407641,-21.00971921374528,-14.773119413298527
1274.4,-0.7880371079456283,-27.286447143840377,-17.529259694799546,-18.869407880290726,-11.089325986620942,-21.002231482369993,-20.21995110292036,-14.182097623335025
1274.5,-0.9497716978320975,-26.661134515896276,-16.815721394098915,-18.314950999482743,-10.195917811057102,-20.38188074338722,-19.52580305092274,-13.683967981071362
1274.6,-1.1278116928751145,-26.117343138418157,-16.182899379582484,-17.841684861223083,-9.378209562307767,-19.84445764195766,-18.914099038560813,-13.265690827099093
1274.7,-1.322612353455288,-25.645501227385196,-15.621182649130974,-17.44005381257938,-8.62576849952007,-19.380019485479718,-18.37484277515012,-12.91739922179074
1274.8,-1.5346899432820946,-25.238242765180118,-15.12316454741455,-17.10270744116938,-7.930402072899793,-18.980910714060236,-17.900320094575136,-12.631501883502898
1274.9,-1.7646287703915116,-24.889843356921922,-14.683078532654628,-16.823936445858813,-7.285558539259192,-18.64116980970065,-17.48450500091047,-12.402089728308404
1275.0,-2.013089575801807,-24.59583576648599,-14.296413617286257,-16.59928818562012,-6.685916072406056,-18.356125786852452,-17.1226551217018,-12.224531774516418
1275.1,-2.2808195585808817,-24.352742516491453,-13.959646866275612,-16.42529929083582,-6.127093412529798,-18.122117541865236,-16.811029802459263,-12.095193650084513
1275.2,-2.5686644049709035,-24.157887471170266,-13.670054871433004,-16.299307255953465,-5.605441306211702,-17.936295606958634,-16.54669033101435,-12.011238195579448
1275.3,-2.877582793194118,-24.009262584128383,-13.425580383108983,-16.219317195478958,-5.117889090849282,-17.79648103583103,-16.327356944342032,-11.970482818810623
1275.4,-3.2086639841591813,-23.90543462818747,-13.224738915763194,-16.183908580471943,-4.661829802865668,-17.701065278450102,-16.15130637698239,-11.97129736341277
1275.5,-3.563149294899384,-23.84548217214963,-13.066555591497124,-16.192172220333447,-4.235032757735831,-17.64894061099894,-16.017299385754054,-12.012531928822911
1275.6,-3.9424585061586175,-23.828956672522857,-12.950526088737107,-16.243671357875705,-3.8355760831136605,-17.63945440890395,-15.924531361562707,-12.093467754942138
1275.7,-4.348222606954128,-23.855864084329163,-12.876598099271469,-16.338423281715123,-3.461793985041823,-17.672383106907894,-15.872601630506654,-12.21378677585928
1275.8,-4.782324771209446,-23.926665344094253,-12.845171645704095,-16.4768998090045,-3.112235056163854,-17.747923574983787,-15.86149883878203,-12.373557239115314
1275.9,-5.246952161216014,-24.042295768751615,-12.85711830191677,-16.660046682129142,-2.7856289726582246,-17.866701175318493,-15.891601217962766,-12.573234188835897
1276.0,-5.744662163842474,-24.204205111586006,-12.913821056399348,-16.889323620362468,-2.480859643862016,-18.02979519228099,-15.963691755533148,-12.813674839179214
1276.1,-6.278468153395202,-24.414421987340877,-13.017238529152262,-17.166768738459467,-2.196943382526727,-18.23878385738205,-16.078989527456315,-13.096170096309358
1276.2,-6.851952108587428,-24.675648957347548,-13.169999831448592,-17.495093622865113,-1.9330110232609559,-18.495813061912134,-16.239199863182517,-13.422494900564121
1276.3,-7.469414839154755,-24.991398243565058,-13.375540035573959,-17.877819034225663,-1.688293176797021,-18.803695380501523,-16.44658782806381,-13.794981874948672
1276.4,-8.136079970438155,-25.366183616620603,-13.63829179766243,-18.319466781051005,-1.4621079983756327,-19.166049707301728,-16.70408203775034,-14.216625295569312
1276.5,-8.858376557376593,-25.80579286214998,-13.963957535714005,-18.82583216854805,-1.2538509899102266,-19.587497440629985,-17.015419559717355,-14.691226140101092
1276.6,-9.64433976160657,-26.3176798940571,-14.359901228909521,-19.40437609092779,-1.0629864616017763,-20.073940153334583,-17.38534844193991,-15.223594755185415
1276.7,-10.504194228456418,-26.91154086383234,-14.835724184568113,-20.06480111594337,-0.889040359094867,-20.632958636055122,-17.81991370516993,-15.81983697998016
1276.8,-11.451230280307739,-27.600184153860965,-15.404134657494042,-20.819921449164625,-0.7315942237515578,-21.27439903718006,-18.326868140009335,-16.48776506779708
1276.9,-12.503169222856327,-28.400890368427014,-16.082307431835854,-21.687022891185933,-0.5902801012383453,-22.01125846527036,-18.916276141189957,-17.237501638889754
1277.0,-13.684387139474975,-29.33763155027968,-16.89410258924943,-22.6900820150532,-0.46477625074239404,-22.86107093583948,-19.601427532435768,-18.082393618385787
1277.1,-15.029739506759165,-30.444891836374918,-17.873885672351587,-23.863586776840062,-0.3548035364209223,-23.84817271762545,-20.400271165058086,-19.040445943075234
1277.2,-16.591605986164033,-31.77470881020546,-19.073568495597588,-25.259577815996813,-0.26012240598556996,-25.007611217067833,-21.337765801635765,-20.13667254893868
1277.3,-18.454081050931876,-33.41086112992652,-20.576796176768287,-26.961836023750916,-0.18053038008897904,-26.39237056239516,-22.449953831403732,-21.40717018652115
1277.4,-20.765279242906377,-35.50117116084231,-22.53124911071783,-29.11818510704658,-0.11585999144014666,-28.087989614494475,-23.791533434010606,-22.90669068128304
1277.5,-23.82536192235955,-38.34552942064148,-25.23666668584792,-32.028515955138104,-0.06597712519407992,-30.246036503070073,-25.451292634594548,-24.724075082299436
1277.6,-28.410091142157803,-42.719446423062315,-29.468398319847154,-36.46833839302795,-0.03077972272027118,-33.176140392024166,-27.58782937518035,-27.01797382472766
1277.7,-38.118480991164546,-52.22170222667455,-38.82505211082923,-46.03643062667588,-0.010196819894174657,-37.68980588643338,-30.529387600491326,-30.116682904525348
1277.8,-38.24820299825291,-52.14975024802227,-38.60389765089134,-46.03024293713909,-0.0041878989516828564,-47.722249510909485,-35.15837767672383,-34.90266438433342
1277.9,-28.89045766657494,-42.5945873816094,-28.895735030341584,-36.54076766366061,-0.012742540034849438,-46.324080635731505,-46.152379987196184,-46.05355007481255
1278.0,-24.6387559166303,-38.14953418228506,-24.293673771593166,-32.16131922831159,-0.0358803651291367,-37.24925480851596,-42.15641356857054,-42.21441025545781
1278.1,-21.910078374345915,-35.23139302662147,-21.21428958989124,-29.308692115272365,-0.07365127338372376,-32.94143083033988,-33.69752604384962,-33.9123436914564
1278.2,-19.930796393397962,-33.066368125796664,-18.88354283060181,-27.209080673039345,-0.12613597306909838,-30.110200194225776,-29.47561762543241,-29.84730172019528
1278.3,-18.401630316204574,-31.35502288006418,-17.001734046269192,-25.56303622455557,-0.1934468218802982,-28.015492803254332,-26.644555476001322,-27.17320269552291
1278.4,-17.175068172518056,-29.949697761381717,-15.420919868181869,-24.222884665691197,-0.27572899420380864,-26.367184740928224,-24.52007667835977,-25.205835041230515
1278.5,-16.167535884825387,-28.7666797827885,-14.057080193239873,-23.104895603176345,-0.3731620015686292,-25.021237727439384,-22.827829133581723,-23.67089823342424
1278.6,-15.327152305506305,-27.753956870232507,-12.857869956635197,-22.157036338566346,-0.4859616011695745,-23.895653885126254,-21.429956097417097,-22.43058742209916
1278.7,-14.619563164072273,-26.877051207202612,-11.788449506562294,-21.344804757372742,-0.6143821373767205,-22.939350144324223,-20.247381821218568,-21.405879158498784
1278.8,-14.020909220860048,-26.111986841555566,-10.824448805035509,-20.64419639892106,-0.7587193730899047,-22.11840604962321,-19.23058756201691,-20.547307493261165
1278.9,-13.51401036314969,-25.441473284437546,-9.948147105615577,-20.03788741966111,-0.9193138821645902,-21.409209766156422,-18.34656978310721,-19.821922267074527
1279.0,-13.086149022068312,-24.852688474348497,-9.146251384737802,-19.513016801534558,-1.0965550917230902,-20.794727503637827,-17.57229388295216,-19.206742932026188
1279.1,-12.727711771916258,-24.335919963310182,-8.408532265530415,-19.059826635425576,-1.2908860849666113,-20.262331551180147,-16.891112248627635,-18.685176700280625
1279.2,-12.431320366937298,-23.883695576065563,-7.726948539533839,-18.670791696540423,-1.5028093023673823,-19.80246695486438,-16.290670469940885,-18.24492485663044
1279.3,-12.191256335573286,-23.490207658729965,-7.095064222186814,-18.34004238472325,-1.73289331364149,-19.407797617480515,-15.761618175274052,-17.87669369642406
1279.4,-12.003069364263766,-23.150921145757973,-6.507648145392027,-18.0629712028423,-1.9817808769863383,-19.07264057833318,-15.296781731391826,-17.573367331586955
1279.5,-11.863305185538177,-22.862301157151663,-5.960391515257327,-17.83595841304738,-2.250198558907452,-18.792581126225357,-14.890615607414006,-17.32945916544055
1279.6,-11.769313936083348,-22.62162108907303,-5.449704038152621,-17.65617773992455,-2.5389682620211977,-18.56420581325174,-14.538829261169777,-17.14073889509425
1279.7,-11.71911459770639,-22.426826808563153,-4.972563765339829,-17.521457607220196,-2.8490211055595482,-18.384915152059516,-14.238128963469245,-17.00397445752329
1279.8,-11.71129998229637,-22.276441411474572,-4.526404520966621,-17.43018220222409,-3.181414232759506,-18.252792155022036,-13.986037753278273,-16.916752112969135
1279.9,-11.74497228979761,-22.169500570860002,-4.109030166152992,-17.381222173131835,-3.537351293205429,-18.16651159344596,-13.780770613352086,-16.877351755909974
1280.0,-11.819702938570419,-22.1055121736102,-3.718548376934192,-17.37388835528849,-3.918207584633554,-18.125280380889922,-13.62115044333832,-16.88466303136817
1280.1,-11.935512937816899,-22.08443651359535,-3.3533188455782574,-17.407904378753905,-4.3255611642633465,-18.12880317610263,-13.506555850596737,-16.93813327763526
1280.2,-12.092872032024328,-22.1066852699914,-3.0119123015892804,-17.483395805357024,-4.761231694054958,-18.17726995061166,-13.436895495877774,-17.037742033464202
1280.3,-12.292716529929432,-22.173139182151314,-2.693077759109001,-17.600894884151785,-5.22732942784759,-18.271364373064365,-13.412606505771958,-17.18399962263964
1280.4,-12.536487399412037,-22.28518600139513,-2.3957160965985573,-17.761361321561534,-5.726317674708138,-18.41229378405451,-13.434676813140596,-17.37796967824647
1280.5,-12.826192125716755,-22.4447822161935,-2.1188585665527304,-17.96622082757065,-6.261093429978439,-18.60184358146125,-13.50469361285793,-17.621317795180975
1280.6,-13.164496314768478,-22.654544531671288,-1.8616491842211824,-18.217424826309504,-6.835092893026963,-18.842461348811096,-13.62492281931278,-17.91639119870584
1280.7,-13.554854543291537,-22.917880604379043,-1.6233301986332425,-18.51753687354213,-7.45243168570785,-19.137379500623776,-13.798427980248547,-18.266337885135584
1280.8,-14.001695266741965,-23.2391738426644,-1.4032300357732548,-18.86985439992572,-8.118094425112973,-19.490790309238463,-14.029242279427008,-18.675278868798387
1280.9,-14.510682994319378,-23.6240454812747,-1.2007532421481424,-19.27857903838364,-8.838196079526622,-19.908095136917552,-14.322615280997793,-19.148555190040263
1281.0,-15.08909478228189,-24.07973098086312,-1.0153720609360841,-19.749056096597922,-9.62035041605125,-20.39626271321016,-14.685369127980048,-19.693084398747555
1281.1,-15.746371852436123,-24.6156315587452,-0.846619351656761,-20.288115678714792,-10.47420294245332,-20.96435349400997,-15.12642113474358,-20.31788345563133
1281.2,-16.494949718375935,-25.244144233018183,-0.6940826246973109,-20.904568254004154,-11.412225204814161,-21.62430667543276,-15.657569272573086,-21.034854552979745
1281.3,-17.35155034633366,-25.98195390648116,-0.5573990087049258,-21.609943408701685,-12.450941170921308,-22.39216036333437,-16.294710991509202,-21.860004301033094
1281.4,-18.339279662961687,-26.852130802278342,-0.4362510053043901,-22.419627210897133,-13.612902639086988,-23.29002165482119,-17.059812089248002,-22.815412994118937
1281.5,-19.49121507339747,-27.887717914272145,-0.33036291435619547,-23.35468433590933,-14.930040125035095,-24.349412936721436,-17.984251895406434,-23.932580228625522
1281.6,-20.85696179071098,-29.138287272911597,-0.23949783582473566,-24.44492460283801,-16.449727490117986,-25.61733254449029,-19.11488288449825,-25.258484990465515
1281.7,-22.515716308374046,-30.6830033579457,-0.16345517274474072,-25.734393548968853,-18.246717146021215,-27.168186519005797,-20.525961429760592,-26.86751692903998
1281.8,-24.605546515905054,-32.65990315785527,-0.10206857472949622,-27.292021513040506,-20.44944189312006,-29.130087438212627,-22.34544565290182,-28.887774778352174
1281.9,-27.40128937230386,-35.34379379037282,-0.055204273815970116,-29.23461799692069,-23.308233424659157,-31.75307028963021,-24.823210316313514,-31.56928187816905
1282.0,-31.588830167484808,-39.420531714065994,-0.02275977476169168,-31.784722712409426,-27.42510893320922,-35.638876765296956,-28.560830121384665,-35.513770166166566
1282.1,-40.02641019415857,-47.74833035322218,-0.004662870710443613,-35.45562587751191,-35.07024679532952,-43.05742890933935,-35.82805232601961,-42.99115356254778
1282.2,-43.902097535558376,-51.51523084124125,-0.0008709628068353862,-41.98971322871758,-44.00502962430886,-51.76987036975389,-44.385836916101994,-51.76256899152971
1282.3,-32.899348384306805,-40.40466329764505,-0.011370669179674737,-60.0,-30.67694886528593,-38.22346939647754,-30.68125845578818,-38.275279175773036
1282.4,-28.231296612049874,-35.62973635817102,-0.036177715015678125,-40.12423124666824,-25.822737365592964,-33.15474999140053,-25.45063600424323,-33.26580360431904
1282.5,-25.245918773096165,-32.53840214103179,-0.07533710143374392,-34.58062913583106,-22.857618588146316,-29.97873985507131,-22.10877972410458,-30.149166314409367
1282.6,-23.063080091006277,-30.250502198146254,-0.12892355677763556,-31.262879435285104,-20.757213713703187,-27.67087635628197,-19.630895386409797,-27.900801709535102
1282.7,-21.35512855005073,-28.438361573129463,-0.1970422799852441,-28.907739767418708,-19.15805529723899,-25.86751917301268,-17.653095396375534,-26.157067058742793
1282.8,-19.963691611945368,-26.943585486328693,-0.2798299920927563,-27.09710619627151,-17.88868149908496,-24.39704361099277,-16.00349031881834,-24.74633568026445
1282.9,-18.800088114624124,-25.677471203554866,-0.37745631893483844,-25.640152894952447,-16.85453426932702,-23.164737966011316,-14.587084237642491,-23.573894172556628
1283.0,-17.80967912339269,-24.585358858748393,-0.4901255359925598,-24.433692806092925,-15.997975150829323,-22.112818584663977,-13.345787567082656,-22.581957344418292
1283.1,-16.95645976687568,-23.631223262895894,-0.6180787154488941,-23.41564351965504,-15.281330865808446,-21.203474779222038,-12.241459426828193,-21.73271299677125
1283.2,-16.21549830953213,-22.790112950882126,-0.7615963262506611,-22.54580146126941,-14.67868458527564,-20.41065948791568,-11.247695420621532,-21.00011244408481
1283.3,-15.56886806914794,-22.04408207460656,-0.9210013508450126,-21.796699933360273,-14.171503224696922,-19.715716017003857,-10.345451092907538,-20.365497108152567
1283.4,-15.003299782193292,-21.379842745167288,-1.0966629979472602,-21.148804053954017,-13.746133442485808,-19.104873535130945,-9.520533659625187,-19.815093850547218
1283.5,-14.50875018115906,-20.787333588165687,-1.289001109981872,-20.5877876857449,-13.392284178048769,-18.567729151372916,-8.762079754425752,-19.33849687024405
1283.6,-14.077489871979928,-20.25880760016086,-1.4984913879437813,-20.1028971099526,-13.10206439225528,-18.096285235136484,-8.061587738514707,-18.927704818693197
1283.7,-13.703501037444461,-19.78822983211898,-1.7256715867050763,-19.68592082498512,-12.869350066501706,-17.684316029971026,-7.412278491205947,-18.576487177177555
1283.8,-13.382068197340972,-19.370868130548608,-1.971148872329069,-19.330516240874783,-12.689355275532998,-17.326938372821346,-6.808659325855091,-18.27995469899117
1283.9,-13.109493924554844,-19.003008835474493,-2.235608582432029,-19.03175635336171,-12.558334683242887,-17.02031386470983,-6.24621816940408,-18.03426125106194
1284.0,-12.882898291098803,-18.681756209194965,-2.519824694650326,-18.785817533929983,-12.473373645952641,-16.761438674525607,-5.721203926713808,-17.83639322212164
1284.1,-12.700076327162655,-18.404889878845324,-2.82467239218167,-18.589761213915217,-12.43223865550845,-16.54799370569865,-5.230465430090071,-17.684019208324003
1284.2,-12.559397093345135,-18.170763892900514,-3.15114322607984,-18.441380304454263,-12.433270738474679,-16.37823773981099,-4.771331168336808,-17.575382565572188
1284.3,-12.459733787157553,-17.978236812655222,-3.5003635220445366,-18.339091952003358,-12.47531056023111,-16.25093230392453,-4.341518002304011,-17.50922554244615
1284.4,-12.400418100570239,-17.826626055415392,-3.873616879346499,-18.28186491133689,-12.55764794224412,-16.165290968101836,-3.939060872646759,-17.484737656018126
1284.5,-12.381214655541735,-17.715682316310893,-4.272371882880354,-18.26917416887353,-12.679991180520783,-16.120948459529775,-3.562257967118676,-17.501523636869987
1284.6,-12.40231327616992,-17.64558182732273,-4.698316528109073,-18.3009784600045,-12.842453484648747,-16.11794691118147,-3.209627446414689,-17.55958817846275
1284.7,-12.464338441281182,-17.616935797320902,-5.153401390631943,-18.377718594941044,-13.04555537769885,-16.156738084014258,-2.8798729316790173,-17.65933621417759
1284.8,-12.568376747566832,-17.63081786318359,-5.639894331281091,-18.50033643934415,-13.290243246575027,-16.238201751098646,-2.5718557175504926,-17.801588746384063
1284.9,-12.716024825275305,-17.688811993980334,-6.160450628941508,-18.670316303179003,-13.577925609306396,-16.363681809116436,-2.2845722079086075,-17.987615556489935
1285.0,-12.9094621399963,-17.79308528173149,-6.718204060923969,-18.889752682125717,-13.910530275842177,-16.53504329283221,-2.01713545098824,-18.219187624533124
1285.1,-13.151555832110894,-17.946492770286678,-7.316886905832435,-19.16145115081123,-14.29058768208413,-16.754755571387538,-1.7687599244334966,-18.498654017768146
1285.2,-13.446008725942221,-18.152725454341002,-7.960990631813236,-19.489073283053628,-14.721348653930598,-17.026009982411278,-1.5387489212283112,-18.82905070975977
1285.3,-13.797567778119355,-18.41651871807288,-8.655985028118033,-19.87734267935021,-15.20694932135779,-17.352884623233127,-1.3264840356633576,-19.214252804183666
1285.4,-14.21232010415066,-18.743948352382382,-9.408623300711689,-20.332339099782708,-15.752642896911082,-17.7405760129154,-1.131416359521473,-19.65918787182336
1285.5,-14.698120226771286,-19.142857794273635,-10.227377076653285,-20.861924240303324,-16.36512942800157,-18.195728733885424,-0.9530590826154473,-20.170138178947536
1285.6,-15.265220929857913,-19.62348897215779,-11.123073940739097,-21.476371456515217,-17.05303392151533,-18.72691345111771,-0.7909812559885016,-20.75517647468488
1285.7,-15.927232437726246,-20.19944147686957,-12.109862416703557,-22.1893240944091,-17.827617258998448,-19.345337726601276,-0.644802525585733,-21.42480948726486
1285.8,-16.702634976068676,-20.889185114646512,-13.206729605091905,-23.019307438543713,-18.70386715954567,-20.065936885753473,-0.5141886827944377,-22.19295709387055
1285.9,-17.617274211129985,-21.718555338643423,-14.440001101833476,-23.992223739677726,-19.702238936814275,-20.90911468173674,-0.39884790853566165,-23.07849856996358
1286.0,-18.708717562741096,-22.725109554595058,-15.8477012981949,-25.145708291558094,-20.851570392629306,-21.90365809974005,-0.29852761168478,-24.107828731874726
1286.1,-20.034428240183942,-23.96630114958274,-17.487730998664965,-26.53730338679997,-22.194267593532423,-23.091923047178874,-0.21301178186648334,-25.31933229398092
1286.2,-21.688636579885518,-25.536350822888366,-19.454742009555183,-28.26132971736908,-23.796278815335263,-24.539808214501374,-0.14211879230411878,-26.771809782167892
1286.3,-23.842089152935202,-27.60599568692198,-21.919889229241765,-30.488635678766244,-25.768384860733565,-26.358045311315422,-0.08569960122509288,-28.561954991889394
1286.4,-26.85629471755322,-30.536735213332754,-25.245079369685058,-33.58084364807924,-28.318864300569196,-28.75486422807773,-0.043636310968870246,-30.86582721546105
1286.5,-31.747532893958997,-35.34483990174743,-30.446982234597005,-38.55435911184425,-31.917257306695724,-32.19975679099274,-0.01584105296125471,-34.05941097577736
1286.6,-44.972806561425465,-48.487303670905256,-43.982985597070936,-51.86632364519134,-38.075111335979756,-38.204222369333756,-0.0022551744690622842,-39.21922058752425
1286.7,-36.36814882462724,-39.800150819291744,-35.68950456318769,-43.35292259411223,-60.0,-60.0,-0.00284870990006173,-53.82257658407801
1286.8,-28.734147586141855,-32.08396059212071,-28.36750849548215,-35.81491050549051,-37.96380302138929,-37.7862816161593,-0.017620125610014636,-43.28168840724909
1286.9,-24.65939673068312,-27.927318360229314,-24.605974537576177,-31.841063321430255,-32.11775851640277,-31.786897560674568,-0.04659633297768481,-36.08900140660503
1287.0,-21.848331289446726,-25.03465077926605,-22.109725143727204,-29.136014720617382,-28.737305638022615,-28.25302584933569,-0.08983297011500753,-32.243936626862165
1287.1,-19.69501422045908,-22.800012565045208,-20.273217285318562,-27.094044260770108,-26.38148989940813,-25.74366407242571,-0.14741495820283876,-29.62449166902374
1287.2,-17.94792740547726,-20.971877485616254,-18.845335972637415,-25.463869945184825,-24.594949117799526,-23.80340193304879,-0.21945734427891816,-27.652306640680177
1287.3,-16.478154217488843,-19.421320924083595,-17.697579486687044,-24.11683259491339,-23.17418326867731,-22.228691025527304,-0.3061064485855105,-26.084453264613888
1287.4,-15.210706576504538,-18.073346929863252,-16.755389283488974,-22.97822497765873,-22.010506230886683,-20.91079650374308,-0.4075413415376164,-24.79570194615491
1287.5,-14.098080992086432,-16.880444256817533,-15.97170911959694,-22.000850232292294,-21.039059715384578,-19.78481093178973,-0.5239756832786787,-23.713029089281022
1287.6,-13.108268859950147,-15.810596655590867,-15.314998723741645,-21.153034905367317,-20.21808302607019,-18.80892396507126,-0.6556599680167553,-22.790174340035033
1287.7,-12.218667793097719,-14.841194200606576,-14.76314886190206,-20.41254343953357,-19.519163523071107,-17.95467273191518,-0.8028842262387591,-21.996038009483524
1287.8,-11.412718976416736,-13.955670640647455,-14.300122863549296,-19.763219175118753,-18.922153248237276,-17.201858375104123,-0.9659812510878443,-21.30876570104764
1287.9,-10.677925528372405,-13.141521756643858,-13.913979686602413,-19.193006936769848,-18.4123056615733,-16.535682701708968,-1.1453304312646364,-20.712472900899762
1288.0,-10.004622598678711,-12.38907545555184,-13.595649363147071,-18.69272804225413,-17.97856315516633,-15.945035607412546,-1.3413622926972277,-20.195312180986683
1288.1,-9.38518097444006,-11.690695372801379,-13.338142736142217,-18.255289639274487,-17.612482768884625,-15.421420699191922,-1.5545638760893377,-19.748273760205937
1288.2,-8.813472831927012,-11.04024662048346,-13.136024293331412,-17.87515717270146,-17.307535875128476,-14.958254883240103,-1.785485108765277,-19.36441045744804
1288.3,-8.284502441863623,-10.432726489137583,-12.98505111577301,-17.54799299622067,-17.05863735960002,-14.550397444621204,-2.034746369209002,-19.038320351831395
1288.4,-7.794144244376996,-9.864002519295056,-12.881920618891234,-17.27040380331783,-16.86182138800604,-14.193825708107028,-2.3030474939753836,-18.76579254895983
1288.5,-7.338952880989904,-9.33062253014824,-12.824092003501846,-17.03976179237831,-16.714014240927828,-13.885407761894331,-2.5911785433104617,-18.543560072209182
1288.6,-6.916022692884868,-8.82967411457355,-12.809659345878435,-16.854077492607033,-16.612873672256864,-13.622741699042644,-2.9000327290892,-18.369125608334183
1288.7,-6.522881993674278,-8.358678908737367,-12.83726217423354,-16.711910096029513,-16.556675486678266,-13.404042071497484,-3.2306220242572614,-18.24063857538989
1288.8,-6.157412278518551,-7.91551179812487,-12.906024392613233,-16.612306154691264,-16.54423496317096,-13.228061183002076,-3.5840961275772902,-18.156809765448788
1288.9,-5.817785634803259,-7.498338325193852,-13.015515733707367,-16.554760822859244,-16.57485521276325,-13.094037308393897,-3.9617656667702734,-18.11685477816368
1289.0,-5.502415652373629,-7.1055655966562465,-13.165732252866597,-16.539198155019463,-16.648297583969565,-13.00166495192661,-4.365130809762631,-18.120460791244216
1289.1,-5.209918491753889,-6.735803348803975,-13.357094150772058,-16.56596874573956,-16.764771432603727,-12.951084460416705,-4.795916851754687,-18.16777360716457
1289.2,-4.939081697338031,-6.387832757866922,-13.590460725800392,-16.635864511222454,-16.924942348328287,-12.942890082614127,-5.2561189060974804,-18.259403812396428
1289.3,-4.688838987482629,-6.060581227330298,-13.867163740739734,-16.750151896098686,-17.12995956539357,-12.978157201179943,-5.748058628318819,-18.396452599691514
1289.4,-4.458249708712604,-5.753101839414251,-14.189062166684502,-16.910626467272678,-17.381505032618804,-13.058491211128455,-6.274457068362581,-18.580559604191137
1289.5,-4.246481967470785,-5.464556484151978,-14.558623410215258,-17.119694000037384,-17.68186875791247,-13.186102658735825,-6.838529473788245,-18.813977280068194
1289.6,-4.052798689656709,-5.194201916300959,-14.979039124336321,-17.380486156086434,-18.034057953789222,-13.36391616589598,-7.444110481247059,-19.09967928011846
1289.7,-3.8765460324309315,-4.941378164564291,-15.454388160971664,-17.697023310478105,-18.441951774976037,-13.59572492939864,-8.095822181978582,-19.441514582538176
1289.8,-3.717143702354901,-4.705498847192241,-15.989866182027212,-18.074444043875484,-18.910520031656244,-13.886409176870142,-8.799303980099705,-19.84442571375885
1289.9,-3.574076831400897,-4.486043045487877,-16.59211276047079,-18.519332130866218,-19.44613490504523,-14.242247604023124,-9.561533686713599,-20.31476006809491
1290.0,-3.446889136497657,-4.282548460889958,-17.269685930577303,-19.040190982949742,-20.05702257865014,-14.671368704315471,-10.39128708983692,-20.86072121799858
1290.1,-3.335177145094899,-4.094605638103711,-18.033767848176698,-19.64814920647313,-20.753933030688586,-15.184420233913468,-11.299814504117538,-21.49303844550544
1290.2,-3.2385853133231013,-3.9218530808625367,-18.89924741474471,-20.35804312887921,-21.551163688509646,-15.795592509945502,-12.301870207245534,-22.225990184326538
1290.3,-3.156801897741117,-3.763973121303607,-19.8864468278106,-21.190143255266133,-22.468183715680073,-16.524242309442748,-13.41734169926806,-23.07902813447476
1290.4,-3.0895554688694653,-3.6206884311569714,-21.024010452083566,-22.17304304923973,-23.532334290711695,-17.39759272427722,-14.673954277643684,-24.079477401636677
1290.5,-3.03661197635348,-3.491759084589307,-22.354038887254752,-23.348792913612805,-24.783587946544063,-18.455492037041612,-16.112034106141163,-25.267295725178627
1290.6,-2.9977722930255273,-3.376980099967088,-23.941949436789713,-24.78276057488418,-26.283590633847517,-19.75945527619257,-17.79355352994887,-26.70411545383239
1290.7,-2.972870179311698,-3.2761794019862926,-25.897482812282682,-26.584637705720624,-28.13464147559099,-21.41164341251246,-19.821113678044192,-28.492223233449486
1290.8,-2.961770621089175,-3.1892161572694504,-28.42651650189383,-28.96025321361762,-30.525506562530712,-23.600676540368873,-22.383760763546412,-30.820373754195213
1290.9,-2.964368503846485,-3.1159794462802455,-31.99141139370162,-32.37191978624837,-33.86829567458306,-26.73850992166799,-25.89386501797161,-34.100666440507304
1291.0,-2.9805875942673783,-3.0563872426769185,-38.06767013117516,-38.295092170400856,-39.39871958468312,-32.06069054099181,-31.587379958777724,-39.568802739332995
1291.1,-3.0103798075191253,-3.0103856783802083,-60.0,-60.0,-58.49766695106072,-50.94793316848981,-50.84542103231548,-58.605663011968396
1291.2,-3.0537247448756966,-2.9779485789852886,-38.219368857432926,-38.140853568116626,-41.637108768782134,-33.87202389056773,-34.140171633834946,-41.68321100018805
1291.3,-3.110629492089467,-2.959077259930684,-32.29281855046661,-32.06135733691524,-35.06381209372866,-27.079532809021085,-27.718598244159413,-35.04820758010311
1291.4,-3.1811286743656435,-2.953800579273564,-28.878137125094373,-28.493681907621593,-31.411503525029065,-23.20397638005456,-24.21461519196114,-31.334374290457568
1291.5,-3.26528476908206,-2.9621752482139203,-26.499513553062897,-25.96196875654552,-28.89287981882446,-20.457826749073696,-21.841096434586234,-28.754404009387752
1291.6,-3.363188682727434,-2.9842864058389313,-24.69454746800388,-24.003769880818272,-26.986538796414262,-18.31944122439665,-20.0768075382982,-26.786891944331835
1291.7,-3.4749606040987495,-3.0202484701240024,-23.257366433023453,-22.413164991622732,-25.46735174218332,-16.563433061891377,-18.696779069424974,-25.20670813268296
1291.8,-3.6007511517927906,-3.0702062832273875,-22.078247172919475,-21.08038267124134,-24.21743055918215,-15.071636800831625,-17.58327467907145,-23.895964723905735
1291.9,-3.7407428407108108,-3.1343365757885717,-21.091794075889702,-19.939978798480848,-23.167318346127743,-13.774296782038423,-16.66698255911853,-22.78520671049709
1292.0,-3.8951518998729915,-3.2128497825353515,-20.25592967914852,-18.94982695661477,-22.272684041433312,-12.626759455077172,-15.90371092859728,-21.830106757965613
1292.1,-4.064230482738217,-3.305992250380493,-19.542032966299917,-18.081256651357695,-21.503551188016825,-11.59869948177968,-15.263617617693512,-21.000694193284133
1292.2,-4.248269321702423,-3.414048890690125,-18.929804615986452,-17.313918478093186,-20.83875258270531,-10.668571344199796,-14.72566552710552,-20.275809922798757
1292.3,-4.447600891153101,-3.537346340094412,-18.40437764962825,-16.632894685824187,-20.262836649087102,-9.82051222859999,-14.274529816504511,-19.640013127418506
1292.4,-4.662603158942377,-3.676256709698333,-17.95459046166507,-16.026972120901362,-19.764230864430097,-9.042501434549337,-13.898762169189261,-19.081745076992185
1292.5,-4.893704025245399,-3.831202021664513,-17.571903769479576,-15.487559087349714,-19.334096216547138,-8.325210185643689,-13.589646127614145,-18.592184054021494
1292.6,-5.141386571697296,-4.002659456049903,-17.24969447868531,-15.007979119061769,-18.96558359635929,-7.661252625679664,-13.340454427673157,-18.164502310566363
1292.7,-5.406195273755683,-4.19116756085033,-16.9827805768452,-14.582995776519407,-18.653335234912884,-7.044680958686725,-13.145951467158127,-17.793368190249552
1292.8,-5.688743367580792,-4.39733361653643,-16.767093362168158,-14.20848477412549,-18.39314168079734,-6.470635041975759,-13.00205143725381,-17.47460394108212
1292.9,-5.989721611891704,-4.621842395536977,-16.59944701076934,-13.881203441242796,-18.18170109735147,-5.935092978023734,-12.905578937839078,-17.204946037107753
1293.0,-6.309908748965224,-4.865466620840889,-16.477374605208198,-13.598626639142303,-18.01644813368545,-5.43468966498396,-12.85409938355454,-16.981875313379856
1293.1,-6.65018405241356,-5.129079511340723,-16.39901104820154,-13.358829557164311,-17.895431666123027,-4.966582228683336,-12.845798566051435,-16.803496277467996
1293.2,-7.011542459517073,-5.413669911703055,-16.363010225874067,-13.160404751858454,-17.817228066906615,-4.528348514382111,-12.879398119938621,-16.668452343079366
1293.3,-7.395112933203115,-5.720360651843831,-16.368488215627014,-13.002405223484725,-17.780881331251702,-4.117909350724422,-12.954098344764498,-16.575868436357762
1293.4,-7.802180897555773,-6.050430979898796,-16.414987290305717,-12.884308280832935,-17.785864492877163,-3.733468208583611,-13.069542977467163,-16.525315567741508
1293.5,-8.234215862673457,-6.405344184499768,-16.502457559556422,-12.805997034432377,-17.832058928413076,-3.373463789985662,-13.22580274156868,-16.516794194238283
1293.6,-8.69290573125783,-6.786781898735187,-16.63125468886595,-12.767757957748785,-17.919749791330823,-3.03653236625425,-13.42337622881982,-16.550734926549048
1293.7,-9.180199808207636,-7.19668710707282,-16.802153504505796,-12.770294323623029,-18.04963719402229,-2.7214775632105486,-13.663208178253782,-16.628016644869554
1293.8,-9.698363289026833,-7.637318631042982,-17.01637863232336,-12.814756662792107,-18.22286407897042,-2.427245903045638,-13.94672673656296,-16.75000360623034
1293.9,-10.250047097067105,-8.111320963705506,-17.275654827396846,-12.9027929003215,-18.441063180442118,-2.1529068454490594,-14.275903044324018,-16.918604886975114
1294.0,-10.83837855640555,-8.621814939694588,-17.58228156654703,-13.03662274060234,-18.70642730239765,-1.8976363813096628,-14.653338784826776,-17.136361796272464
1294.1,-11.467080824848324,-9.172517165330415,-17.93923913069206,-13.219143526421565,-19.021809638562935,-1.6607034584465632,-15.082390579384096,-17.406572143764507
1294.2,-12.140632771344642,-9.767899893078244,-18.35033732405475,-13.454078717463656,-19.39086452107911,-1.4414586853984215,-15.567344997083143,-17.733465128602745
1294.3,-12.864486929650763,-10.413408972193352,-18.820424044306584,-13.746186200490804,-19.818244611130062,-1.2393248834475878,-16.11366563821879,-18.122448308467465
1294.4,-13.645372840932232,-11.1157671882318,-19.355680688627427,-14.10155341410815,-20.30987955120729,-1.0537891505551626,-16.728346356833825,-18.58046071338944
1294.5,-14.491729374348356,-11.883406580471554,-19.964047725596245,-14.528022615726952,-20.87337607044192,-0.8843961720836289,-17.42042617906183,-19.11648766053006
1294.6,-15.414338016846429,-12.727101728466753,-20.655852217637765,-15.035818072849786,-21.518605421845045,-0.7307425678595252,-18.20175969298607,-19.742331045123983
1294.7,-16.427280867286647,-13.66092774285007,-21.44476086342077,-15.63849874514184,-22.258590779800997,-0.5924721075526883,-19.0882079717842,-20.47380016888063
1294.8,-17.54944623297832,-14.703765858462962,-22.349281324419117,-16.354459218201892,-23.1108959706946,-0.4692716595656866,-20.10155566645029,-21.33262874170503
1294.9,-18.807006596480303,-15.881781397657804,-23.395236494646802,-17.209403544293448,-24.099895592807044,-0.3608677648421566,-21.27275622963115,-22.349720017857887
1295.0,-20.23773601329473,-17.232741164402647,-24.62007868523378,-18.240658957474466,-25.260692890494592,-0.2670237479320916,-22.647785203353074,-23.570999998959614
1295.1,-21.899096116344154,-18.81409944506689,-26.080972826570573,-19.50525856101224,-26.64636402130497,-0.18753729446556924,-24.29910221368727,-25.068879346511793
1295.2,-23.884890754422287,-20.719652643079257,-27.87144865480198,-21.096592948378152,-28.342619738427025,-0.12223843790209042,-26.35072939187601,-26.96733172312816
1295.3,-26.36439607886292,-23.118669361694725,-30.16052864675717,-23.183537515616266,-30.501399261403648,-0.07098790968401475,-29.04259263295945,-29.506234973183894
1295.4,-29.69435190557105,-26.367881762007414,-33.30471748866253,-26.12244124322331,-33.43331265809201,-0.033675816336881256,-32.94322028972071,-33.254069740386164
1295.5,-34.87015049271455,-31.462674336507817,-38.299189183990904,-30.908313044627242,-37.95355616635285,-0.010220615042593448,-40.1141747519614,-40.27235097198873
1295.6,-48.02601863514094,-44.53726599923413,-51.27796767215999,-43.67500154341185,-48.033396481023836,-0.0005683661010784744,-51.59377198235355,-51.59934738058904
1295.7,-40.475294265017354,-36.90498668202005,-43.55420212293325,-35.73546943313433,-46.49352574886894,-0.00469224680420394,-36.525606246753014,-36.378606101128796
1295.8,-33.0572908982576,-29.405141776388692,-35.96703022528978,-27.928655725688568,-37.45420203620059,-0.02259231677522146,-31.392538773803583,-31.09294127763411
1295.9,-29.286175995071332,-25.551890489421318,-32.03045552159297,-23.768351924161784,-33.149038257714935,-0.05429553001641553,-28.25835666848501,-27.80609290407467
1296.0,-26.796596424877897,-22.979871303843975,-29.378971962582106,-20.888825278353092,-30.314731034817086,-0.09985599391708953,-26.022623438320366,-25.4175772777967
1296.1,-24.972321818050776,-21.0728453247787,-27.39620645327779,-18.67345987266027,-28.214419329032708,-0.15935548050278198,-24.303774040133646,-23.54578197312486
1296.2,-23.559017961117537,-19.576469669787443,-25.82769153616686,-16.867527668797887,-26.55884583881616,-0.2329042004107298,-22.923765048581124,-22.012615936099508
1296.3,-22.426872621183186,-18.360923287960592,-24.54349058896886,-15.340811852379934,-25.204282858450643,-0.3206418556684368,-21.78502288754882,-20.720457641145643
1296.4,-21.50068782953521,-17.35099923800377,-23.468289560154865,-14.017696473070815,-24.06885189485265,-0.4227389935161582,-20.82829846250798,-19.61000964748459
1296.5,-20.733053012138186,-16.49927781302069,-22.554569624664577,-12.850336720903908,-23.10150616794783,-0.5393986905104521,-20.014954533778386,-18.642585894939327
1296.6,-20.09221082702627,-15.773992371989948,-21.770472616041047,-11.806521647350241,-22.268318008918033,-0.6708586042553921,-19.318442610274655,-17.791588518399365
1296.7,-19.555906981904105,-15.152879151237128,-21.09365050597316,-10.863520544915401,-21.545641335251076,-0.8173934396846163,-18.719783271673432,-17.03798808856377
1296.8,-19.10799973170089,-14.619786755636547,-20.507874630188972,-10.004688615144698,-20.916388324370388,-0.979317888312104,-18.204986837124473,-16.367744196749154
1296.9,-18.73646581206825,-14.162682085520089,-20.001041417532242,-9.217468598060021,-20.367860487251008,-1.1569901128541473,-17.763494310528753,-15.770246313427327
1297.0,-18.432166005132757,-13.772415895595074,-19.56393782124183,-8.492151459805804,-19.890416191045443,-1.35081586681983,-17.387190643114952,-15.237326960853277
1297.1,-18.188048747084675,-13.44192639543758,-19.189444866897304,-7.8210744274673205,-19.476616277906768,-1.5612533600685505,-17.069756458872888,-14.762613344937005
1297.2,-17.998618851675882,-13.165707965622346,-18.872006398640725,-7.19808329770168,-19.12065691019293,-1.7888190081842184,-16.806229027602853,-14.341088230692776
1297.3,-17.859573447506378,-12.939447087354694,-18.607265132397764,-6.618160935257601,-18.817982426546077,-2.034094237552022,-16.59269765437452,-13.96878522959981
1297.4,-17.767547282109987,-12.759767638599243,-18.39180818418763,-6.077163888304432,-18.56501527119409,-2.297733561546972,-16.426088420677925,-13.642573433660111
1297.5,-17.719931983764777,-12.624050147616666,-18.222986685066157,-5.57163142794783,-18.358964677942527,-2.580474199397874,-16.304010248347534,-13.360003366701436
1297.6,-17.71474698254768,-12.53030270540969,-18.098787212202932,-5.098644354704151,-18.197690080406304,-2.8831475824519623,-16.22464440184546,-13.119196367927511
1297.7,-17.7505477546934,-12.47706920112301,-18.0177407381033,-4.65571877803676,-18.079603845434676,-3.206693188772998,-16.186665813360992,-12.918765791544299
1297.8,-17.82636207775945,-12.46336556788018,-17.978859837105187,-4.240724966255312,-18.003603334413206,-3.5521752748716002,-16.189188636764616,-12.757762427810384
1297.9,-17.941648288296214,-12.488638030731758,-17.981598211540174,-3.85182449017515,-17.969025828992613,-3.9208032451526806,-16.231731127962377,-12.635639242293307
1298.0,-18.09627182307868,-12.552739637760869,-18.025828916299155,-3.48742093081402,-17.975622282844892,-4.313956633054128,-16.31419685087389,-12.55223243174574
1298.1,-18.290498028956065,-12.655923059366796,-18.111839403265616,-3.14612079074689,-18.02354764355361,-4.733215989215473,-16.436870656897757,-12.507757243529676
1298.2,-18.525000628295846,-12.798849042692659,-18.240342965623817,-2.826702183169565,-18.11336693072928,-5.180401420071139,-16.60042911000018,-12.5028182297437
1298.3,-18.80088653926449,-12.982611220405765,-18.41250755837833,-2.528089521439985,-18.246077578981375,-5.657621154765557,-16.80596620736912,-12.538434784869722
1298.4,-19.119739164581137,-13.208779387441162,-18.63000451316481,-2.249332889792611,-18.423149951318674,-6.167333430852019,-17.05503654451162,-12.616084114588768
1298.5,-19.483683994095532,-13.479465091037826,-18.895081593989385,-1.9895911038774585,-18.646589610602778,-6.712426325258837,-17.34971968827957,-12.737765397898196
1298.6,-19.89548270571041,-13.797415718548034,-19.210667490941262,-1.7481177078167573,-18.919027181619352,-7.296322151397574,-17.692711719143045,-12.906091102313502
1298.7,-20.35866533789996,-14.166146656247218,-19.580518742399075,-1.5242493295727781,-19.243844861661522,-7.923116084740157,-18.087453095965497,-13.124414603730854
1298.8,-20.877715273978183,-14.59012625926124,-20.009426084919227,-1.3173959465871465,-19.625353525168954,-8.597763430477732,-18.538306860237114,-13.397008126010483
1298.9,-21.458329988409034,-15.075036582863548,-20.50350688916066,-1.12703271156491,-20.069042094727006,-9.326337571312585,-19.050808906084935,-13.729312724476648
1299.0,-22.107794056151093,-15.628146376103256,-21.070626476423552,-0.9526930626818076,-20.58193354161839,-10.116393246762192,-19.63202472048121,-14.128294715393357
1299.1,-22.83552417651788,-16.258856089192896,-21.721019167933644,-0.7939628995174407,-21.173103543279538,-10.977491420271729,-20.291068652760444,-14.602964607833913
1299.2,-23.653887587057653,-16.97951627012943,-22.468230916804753,-0.6504756502510882,-21.854456389150776,-11.921980508743296,-21.039880329566824,-15.165153151081231
1299.3,-24.579473464057884,-17.80669894709211,-23.33060292403016,-0.5219080901268873,-22.641924722622655,-12.966200709795057,-21.894424822208528,-15.830711101106655
1299.4,-25.63515251599227,-18.763257202893662,-24.333713861864112,-0.4079767984555565,-23.55740182151344,-14.132420248828868,-22.876625284006003,-16.621441419879996
1299.5,-26.853591496366466,-19.881839667883604,-25.514631721002402,-0.3084351630473496,-24.632015037019784,-15.452112263498982,-24.017636689575085,-17.56837253507347
1299.6,-28.283657959281765,-21.211295254563925,-26.929864367408914,-0.22307085836252002,-25.9120361742819,-16.971868188852966,-25.36375646872742,-18.717668447865723
1299.7,-30.003134909108745,-22.82938778524789,-28.6716943650443,-0.1517037377681992,-27.470471810649762,-18.764990705344562,-26.988015038690204,-20.142218686874756
1299.8,-32.1470743925135,-24.87114956093873,-30.90641329279765,-0.09418409185399071,-29.43247322730069,-20.956905980202258,-29.01558591638896,-21.967047783475362
1299.9,-34.982652081620394,-27.603735920136007,-33.983089515639676,-0.050391234359298855,-32.04072396596033,-23.79055325961925,-31.689173427427292,-24.434702277682643
1300.0,-39.16918332824221,-31.686441267429256,-38.86669480180353,-0.020232385366957394,-35.87270995465029,-27.843656793943403,-35.58628295958022,-28.122520193869992
1300.1,-47.368739273469046,-39.7813151560831,-51.26194985862092,-0.003641828352025992,-43.04486715496866,-35.232875080568874,-42.823368716404566,-35.14677793204327
1300.2,-52.68089569783169,-44.98791110974027,-44.514721358730355,-0.0005803237569344096,-53.650394861024,-46.051615581833104,-53.49364710351332,-45.60050269579606
1300.3,-41.12872122683406,-33.32927479794594,-36.70660784601495,-0.011034767216367416,-38.98786498301258,-31.59864527394874,-38.89570608236105,-30.78208077854809
1300.4,-36.43728407382003,-28.53045074734514,-32.68328213288352,-0.03501808558704597,-33.81133115422994,-26.628200885403256,-33.783614331705834,-25.4453655327777
1300.5,-33.4867965028542,-25.471626771134144,-29.970185295509943,-0.07256936873118602,-30.60374428549224,-23.623405465536504,-30.640336841641776,-22.07309162913969
1300.6,-31.35735261675527,-23.232871721771172,-27.93473401548157,-0.12375423972497815,-28.286475049270756,-21.50579177999632,-28.38725742303066,-19.586396067128792
1300.7,-29.711151192892807,-21.47635828943597,-26.31760949978598,-0.18866547097674824,-26.48306509571445,-19.899054347589303,-26.64792993462185,-17.608567714718316
1300.8,-28.386047009813232,-20.039914289159768,-24.986900692099926,-0.267423858818032,-25.01730604433639,-18.62712917297678,-25.246157271356218,-15.96312439106823
1300.9,-27.291636176644502,-18.83310794841911,-23.866325524287912,-0.3601793746580877,-23.792456478747035,-17.59341141183766,-24.08520834053133,-14.55302768410197
1301.0,-26.372380908702997,-17.800372638461504,-22.907823219845994,-0.46711261696084594,-22.74970964155092,-16.739223673613807,-23.10628572176036,-13.319148157360818
1301.1,-25.59175998805307,-16.905157287921107,-22.079198169160513,-0.5884365953972875,-21.85069534878679,-16.026318488219545,-22.271027528394956,-12.222764414056096
1301.2,-24.924521524621497,-16.122179094145036,-21.357871811080706,-0.7243988867799456,-21.069045957166157,-15.42844477604133,-21.553073301304288,-11.237125789449236
1301.3,-24.352526563377154,-15.43326707752201,-20.727443982523877,-0.8752842122389631,-20.385918664448646,-14.926870606912066,-20.933586212222764,-10.342970876496477
1301.4,-23.862355623524927,-14.8249685645312,-20.175673016833137,-1.0414174969637666,-19.78743814495385,-14.507826254742076,-20.39869557457544,-9.525965794869778
1301.5,-23.443851614732903,-14.287092044289821,-19.693226346331826,-1.2231674883105608,-19.263150168893667,-14.160958200593829,-19.93795030515555,-8.77515273948617
1301.6,-23.089192304202633,-13.811779572123704,-19.272874790637548,-1.4209510259982299,-18.80504296434619,-13.878350846673321,-19.54334008862371,-8.081965428650102
1301.7,-22.79227808287942,-13.392894468174548,-18.908955024259463,-1.6352380803900912,-18.406904742034044,-13.653884364589938,-19.20865265610852,-7.4395797000681
1301.8,-22.548315790069793,-13.025605069974024,-18.597000956721352,-1.866557702978326,-18.063889365076598,-13.482800662916901,-18.929039148559742,-6.842471022337734
1301.9,-22.353529126989024,-12.706095069161714,-18.333485405598516,-2.115505068819261,-17.772216029601406,-13.361403342449933,-18.70071341569218,-6.286104518181649
1302.0,-22.204953615594793,-12.43135838831253,-18.11563618028723,-2.3827498363817057,-17.52895835309689,-13.286847038296903,-18.5207406276352,-5.766712554842709
1302.1,-22.100289848528867,-12.199052343264512,-17.941303957810913,-2.669046109370796,-17.33189520142384,-13.25698848172729,-18.38688750402274,-5.281131796551461
1302.2,-22.037798229588187,-12.007392289912513,-17.80886736782995,-2.975244362181939,-17.179405704778453,-13.270281733850645,-18.297516575806696,-4.826681607742617
1302.3,-22.01622427738566,-11.85507682760612,-17.717165752594976,-3.302305792334528,-17.07039720964021,-13.325706339773514,-18.25151317955866,-4.401071823618153
1302.4,-22.03474735493732,-11.741236421327098,-17.665453362665602,-3.651319698590432,-17.004259010338423,-13.422721248304345,-18.2482379633299,-4.002331771955392
1302.5,-22.09294824328151,-11.665400860134891,-17.65337099904292,-4.023524665734428,-16.980837522914733,-13.561240161172858,-18.28750047747134,-3.6287549336473104
1302.6,-22.190792801514952,-11.62748279357418,-17.680932743268333,-4.4203345853565885,-17.000430661900058,-13.741626073555997,-18.36955148590973,-3.2788552875795367
1302.7,-22.32863036622577,-11.627775998271062,-17.748526702479687,-4.843370884614476,-17.06380092372714,-13.964704510680807,-18.495093323601747,-2.951332506423054
1302.8,-22.507206759673814,-11.666968243235472,-17.85692983010858,-5.294502814287077,-17.17220834667952,-14.231796631353415,-18.665309212689746,-2.645043941879537
1302.9,-22.72769297391504,-11.746169820131867,-18.007338025108382,-5.775898328106991,-17.327466365891684,-14.544775217802496,-18.88191417698275,-2.358981878547679
1303.0,-22.99173194891049,-11.866960155537305,-18.20141402537926,-6.290089067687128,-17.532025916750115,-14.906148905964471,-19.147232339130433,-2.092254920155691
1303.1,-23.30150757238101,-12.031456631805717,-18.44135729430819,-6.840054410886522,-17.789096388330275,-15.319183258561456,-19.464308328633958,-1.844072649277186
1303.2,-23.659842387464295,-12.242412101319662,-18.730002438976797,-7.429331704957775,-18.10281686589016,-15.788072120650387,-19.8370648652535,-1.6137329043675703
1303.3,-24.070333952954137,-12.503351037503137,-19.07095614398909,-8.06216312027162,-18.478498677404332,-16.318180273214256,-20.270525309186826,-1.4006111679385804
1303.4,-24.537545112849312,-12.818759577726267,-19.468787907166362,-8.743694764413501,-18.922972635217924,-16.916390776439375,-20.771130856808647,-1.2041516718231646
1303.5,-25.067271912146158,-13.194353193285856,-19.929298336527474,-9.480252094928149,-19.445095412830895,-17.59161144317381,-21.347200397324002,-1.02385991033934
1303.6,-25.666926942833598,-13.63745976842056,-20.45990280976714,-10.27972965371147,-20.056506851542075,-18.35553223778084,-22.009613234433214,-0.8592963168552246
1303.7,-26.346100084343327,-14.157580050402503,-21.070192473862583,-11.152157278260512,-20.77279951712486,-19.223794920975436,-22.772854040926738,-0.7100709092096096
1303.8,-27.117402038186867,-14.767230867928266,-21.772777994975378,-12.110548343191622,-21.615398600823855,-20.21787303533955,-23.656674094014704,-0.575838748230479
1303.9,-27.99777799028977,-15.48325844849412,-22.584603400366664,-13.172217490005282,-22.61473775018264,-21.368247817402974,-24.688859616094383,-0.4562960840612082
1304.0,-29.01064245493112,-16.328972885489954,-23.529081072740578,-14.360919000425415,-23.815971854436828,-22.720121061360892,-25.91012602498058,-0.3511770891318996
1304.1,-30.189537033517674,-17.33780548461858,-24.639749635421065,-15.710507629710325,-25.290123797704716,-24.34456194800309,-27.383453521070365,-0.26025109585234707
1304.2,-31.584831317141703,-18.560009214513954,-25.966974961474385,-17.271642197403303,-27.158351548581425,-26.362774207754693,-29.213789716349524,-0.1833202726602223
1304.3,-33.27711880438888,-20.07605412836153,-27.591346181592527,-19.125183863788333,-29.653744921655452,-29.007892953650263,-31.59598469527809,-0.12021768468911967
1304.4,-35.4073836655073,-22.026793582327564,-29.653842524568105,-21.412364970446784,-33.32303353295884,-32.82669270653195,-34.959845249419295,-0.07080569575230777
1304.5,-38.25783604605838,-24.694298937875132,-32.43666868570547,-24.415626177577828,-40.098329384126245,-39.75133004750012,-40.62311521316026,-0.034974677037329815
1304.6,-42.54019682900064,-28.79014365994854,-36.65153964392537,-28.846902850297095,-53.58186886588754,-53.38408568852092,-60.0,-0.012641995259119717
1304.7,-51.31291886168383,-37.372623809558,-45.35690193554722,-37.76484772841529,-36.877161683975835,-36.828513464497526,-41.963617554230325,-0.003751259389515639
1304.8,-53.999484470716546,-39.86505474451937,-47.9762312089398,-40.59312972644325,-31.44940078495052,-31.549850324565128,-35.58421055743509,-0.008271810663415289
1304.9,-43.53371947027376,-29.20108422331216,-37.44334626663686,-30.265749089593832,-28.10067569194665,-28.350229732850124,-31.962102114506145,-0.0261984456249835
1305.0,-38.978500131098926,-24.443398367006118,-32.82111606302526,-25.845745390293303,-25.672798191168408,-26.071507419749533,-29.43554195488321,-0.05755136667178941
1305.1,-36.05584511143047,-21.31381246619314,-29.83155165955238,-23.055290381208216,-23.770878245082137,-24.318837359914408,-27.50610806110478,-0.10237635906036335
1305.2,-33.920177829336744,-18.966532095717866,-27.62906861753251,-21.048951196984326,-22.212098894048978,-22.909446738919158,-25.956037150511392,-0.16074519780893412
1305.3,-32.25284220557989,-17.082667446818224,-25.895002758181406,-19.50820684476316,-20.896717307687304,-21.743637070131324,-24.670507475026355,-0.232756292516497
1305.4,-30.898845152354724,-15.506974229072767,-24.474352665646286,-18.278191368307247,-19.764327527278613,-20.761047003344522,-23.58154807671907,-0.3185355829873884
1305.5,-29.771057813702374,-14.152053120924482,-23.279980939195255,-17.271895699743823,-18.775594595379932,-19.92238652156953,-22.645618444363407,-0.41823770385887804
1305.6,-28.81565127550088,-12.963783454649134,-22.258049912769103,-16.435603923988936,-17.903503461978257,-19.200685915579076,-21.83318536876014,-0.53204744240487
1305.7,-27.997081124938422,-11.906305477617384,-21.373006222063637,-15.733878341988461,-17.128733087372137,-18.57666995664087,-21.123333560442575,-0.6601815205320654
1305.8,-27.29069258352354,-10.954622868445403,-20.60018594341651,-15.142165062287452,-16.437022676480023,-18.036124202407713,-20.500748811979626,-0.8028907400114651
1305.9,-26.67873084792685,-10.090610087782599,-19.92182493897788,-14.642804760010826,-15.817582413557837,-17.568305805233337,-19.953921905439213,-0.9604625395445311
1306.0,-26.148033614343838,-9.300701473697082,-19.32475138401845,-14.222725583141987,-15.262088693451075,-17.16493881932322,-19.47402541060393,-1.1332240237734565
1306.1,-25.688621447893595,-8.574477663496532,-18.79897613802294,-13.872033871323506,-14.764024269701597,-16.819554427357016,-19.054182664708634,-1.321545538434368
1306.2,-25.292797915740728,-7.9037611636057505,-18.33679287837184,-13.583114609138327,-14.31823117977249,-16.527043947175603,-18.688976174172154,-1.525844883223867
1306.3,-24.954554232498204,-7.28201569713225,-17.93218274527183,-13.350036365317008,-13.920600018431461,-16.283348189913408,-18.374108068474868,-1.7465922755898018
1306.4,-24.669163784195245,-6.703934548725438,-17.58040886429471,-13.168146086734362,-13.567849557064207,-16.085237167739677,-18.106160514116695,-1.9843162059306247
1306.5,-24.43289954893965,-6.165150742914864,-17.27773376473358,-13.033786767591822,-13.257368080301868,-15.930151522974214,-17.882423928620582,-2.2396103592022207
1306.6,-24.242833776058887,-5.662028190287597,-17.021219055611578,-12.944097357613575,-12.987098125984515,-15.816087365051008,-17.700772558876153,-2.513141822234661
1306.7,-24.096694495227197,-5.191508086811002,-16.808581930906527,-12.896869482565098,-12.75545265892059,-15.741512546241903,-17.55957413934877,-2.805660853171419
1306.8,-23.992762556759345,-4.750993904321498,-16.63809220520816,-12.890444679901021,-12.561254745161017,-15.705306443376132,-17.457624859389092,-3.118012564004909
1306.9,-23.929798589986543,-4.338263894474245,-16.508499266755962,-12.923641537907999,-12.403695453006815,-15.706717972326809,-17.394103819373946,-3.451150965276828
1307.0,-23.9069929445615,-3.9514035711806113,-16.418982012736645,-12.995705804481565,-12.282306531802476,-15.745338386903061,-17.368543162339904,-3.8061559524554416
1307.1,-23.923934165969865,-3.5887529407308394,-16.369117318128843,-13.106279017996458,-12.196945739080158,-15.821086733392004,-17.380811504002157,-4.184253989010182
1307.2,-23.980593337416806,-3.248864781495992,-16.3588643702874,-13.255382993477504,-12.147793712396775,-15.93420685778964,-17.431109386208583,-4.586843479757547
1307.3,-24.077323002921798,-2.930471314999357,-16.388563584102865,-13.44341887986184,-12.135362161585997,-16.08527574224855,-17.519976409299126,-5.0155261568686065
1307.4,-24.214870584617472,-2.632457328894752,-16.458950010739795,-13.671180702199779,-12.160514007468246,-16.275223797646973,-17.648310583836214,-5.472146259913682
1307.5,-24.39440739308919,-2.353838317298173,-16.57118233879113,-13.939884488405163,-12.224497025510573,-16.505368671729215,-17.817401398610535,-5.958839941855516
1307.6,-24.617575672650883,-2.093742564065188,-16.72688992973654,-14.251215423156784,-12.328993695619202,-16.777465275069147,-18.028979261376648,-6.478098269813641
1307.7,-24.886557828321116,-1.8513963551397077,-16.92824203446712,-14.607397176343175,-12.476191484668028,-17.09377625261902,-18.285285506202957,-7.0328485627603134
1307.8,-25.20417433710854,-1.626111696889307,-17.17804569346907,-15.011289909244738,-12.668879954918076,-17.457169295314113,-18.589169336600353,-7.626560861397734
1307.9,-25.57402030473096,-1.4172760588546576,-17.479882281777805,-15.466526920100643,-12.910584313229084,-17.871250908078668,-18.9442213017395,-8.26338946152225
1308.0,-26.00065594319794,-1.2243437653893334,-17.838297974114635,-15.97770520496904,-13.205749988912373,-18.340551223695485,-19.35495788081202,-8.94836434993177
1308.1,-26.48987473124469,-1.046828740992378,-18.2590718921703,-16.550653696307542,-13.560000769670852,-18.87078239379283,-19.827079695845008,-9.687655273473796
1308.2,-27.049087079281755,-0.8842983755896948,-18.749599755675806,-17.19281700133714,-13.98050614909495,-19.469206212433452,-20.367839000140535,-10.48894425710293
1308.3,-27.68788152579404,-0.7363683234597552,-19.319455064167002,-17.913816667486937,-14.476516041548088,-20.14516913039848,-20.986574594141707,-11.361964859003873
1308.4,-28.41886897695414,-0.6026980864374574,-19.98123332117007,-18.726295487026984,-15.060161231611797,-20.910903029895213,-21.695512533738423,-12.319306638573025
1308.5,-29.258997536873427,-0.48298726110064727,-20.75186684820219,-19.647232388612746,-15.747693292742024,-21.78276549718898,-22.511006365066294,-13.37765866185743
1308.6,-30.231689420363704,-0.3769723526379546,-21.65476168041693,-20.700079407902003,-16.561487141431385,-22.783242762698176,-23.45554005290973,-14.559815286057468
1308.7,-31.37050265026796,-0.28442407651662527,-22.72345924590857,-21.918423439564393,-17.53344642198577,-23.944355507323294,-24.561133799913314,-15.89808448187698
1308.8,-32.72584012612185,-0.20514508393297368,-24.008345415393116,-23.35269535768255,-18.711183053110368,-25.313838870346636,-25.87552409111931,-17.440470079394824
1308.9,-34.37836441527942,-0.13896805912806293,-25.59006527334259,-25.08358485590664,-20.170217015784253,-26.967342743114177,-27.474364047885143,-19.262874064250116
1309.0,-36.46921507728805,-0.08575414664795104,-27.609740421306054,-27.252257818348248,-22.04097384633849,-29.035429817779065,-29.488221560937372,-21.496096429714072
1309.1,-39.28101238211206,-0.04539167494699943,-30.34997267395103,-30.141360082010394,-24.57923986868441,-31.774031431211647,-32.17303524374935,-24.39629265603642
1309.2,-43.526952273401385,-0.017795149798456478,-34.52393899895718,-34.46411244212583,-28.406007630314548,-35.80429367573217,-36.149960679613194,-28.584821315961904
1309.3,-52.277297166933124,-0.0029044970537985618,-43.20188229082046,-43.29080149069572,-35.91817360924117,-43.52327585191208,-43.81606904003269,-36.45894390571917
1309.4,-54.8561784920992,-0.0006845396394139572,-45.707913886356344,-45.945582196267466,-43.20443121180478,-51.01984429271579,-51.260241106814064,-44.10771995236396
1309.5,-44.37685621056115,-0.011124698507164184,-35.155273055943695,-35.54173745920215,-30.256017730162952,-38.28542023852939,-38.47391538134936,-31.522756096750037
1309.6,-39.785687269858784,-0.03423891171707895,-30.49029542820639,-31.025646600380593,-25.141991419158828,-33.38925793528624,-33.52636645819311,-26.773485342832156
1309.7,-36.824224290132165,-0.07006577010465215,-27.454511646184613,-28.138884081611838,-21.860517114617938,-30.329731392224218,-30.41599210550405,-23.858454927536496
1309.8,-34.64875584099416,-0.11866887220066928,-25.204187611935748,-26.037759814922914,-19.42528531905785,-28.12075474220018,-28.15673400265673,-21.791747771612805
1309.9,-32.94110500942509,-0.1801374053829707,-23.42112302031265,-24.404117761713813,-17.481789017668763,-26.40806048724487,-26.394356426725835,-20.219261811924476
1310.0,-31.5464496326804,-0.25458696478112,-21.950471555791214,-23.08315619587824,-15.86157521829493,-25.023452646364667,-24.96069991587346,-18.972964250799265
1310.1,-30.377730314821516,-0.34216062640767364,-20.705148870814007,-21.987835749615286,-14.471218860992266,-23.873782478661354,-23.76265759619332,-17.959868415640376
1310.2,-29.381145552938705,-0.44303029650328557,-19.63132767157855,-21.064374568099172,-13.253459796370642,-22.90208751349588,-22.743314920294523,-17.123173982855104
1310.3,-28.521157775713817,-0.5573983654083166,-18.693443713752973,-20.277254375761782,-12.170642864507768,-22.07103395819811,-21.865392908511197,-16.42571066207497
1310.4,-27.773107470769894,-0.685499701634319,-17.866809884393927,-19.601834630733702,-11.196671449446074,-21.35487290456066,-21.103205339198055,-15.841895791581425
1310.5,-27.11922766161605,-0.82760403054065,-17.13363063068734,-19.020367028349657,-10.312708662469355,-20.73514454279647,-20.438364128149075,-15.353440088897543
1310.6,-26.546338421154594,-0.9840187525288348,-16.480696422270963,-18.519690040786298,-9.504708917522422,-20.198213213254274,-19.857315766631633,-14.946884429509591
1310.7,-26.044438173319286,-1.1550922684342448,-15.897974998489268,-18.08982024449464,-8.761917593163533,-19.7337710713971,-19.34984664284499,-14.61210548158171
1310.8,-25.605804180143462,-1.341217895535832,-15.377711797629987,-17.723052832830458,-8.075916107375035,-19.33388779128991,-18.908134734453995,-14.341367687046276
1310.9,-25.22439718499787,-1.5428384771115031,-14.91383453862247,-17.413366284718055,-7.4399905062600595,-18.99238452986487,-18.526125974025376,-14.128699893300814
1311.0,-24.895455682176273,-1.7604518129605786,-14.501547425083219,-17.156016659631536,-6.848700340296746,-18.70440907523676,-18.19911231281526,-13.96947366311855
1311.1,-24.61521287462559,-1.9946170692532803,-14.137048033191766,-16.947254580794464,-6.297576110577307,-18.46614064723281,-17.92344008336698,-13.860111865146283
1311.2,-24.380695690752304,-2.2459623655589844,-13.817326253979857,-16.784124277642928,-5.782901850040032,-18.274581147406014,-17.696305630956214,-13.79788451674977
1311.3,-24.18958041739173,-2.515193787678371,-13.540019846748283,-16.6643192447495,-5.301555617396786,-18.127405928765675,-17.515611511846988,-13.780765178697065
1311.4,-24.040088616002244,-2.8031061408993176,-13.303310270251732,-16.586078184398577,-4.850890326625857,-18.022856879565886,-17.379866355867247,-13.807331000583963
1311.5,-23.930912654720768,-3.1105958447189943,-13.105848123838019,-16.54811056557552,-4.428643262018793,-17.959666646751007,-17.288117626862977,-13.876695651794279
1311.6,-23.861163842883578,-3.438676484537999,-12.946701184646173,-16.549544786112907,-4.0328663762448524,-17.937006711125672,-17.239910548458088,-13.988468406543287
1311.7,-23.830338610001455,-3.788497688967716,-12.825320482299842,-16.58989438013563,-3.6618718990536654,-17.954454643905756,-17.23526929033448,-14.142735479236928
1311.8,-23.838299909616822,-4.161368208547056,-12.741521590923945,-16.66903945139066,-3.314189396226266,-18.011977741982154,-17.274698682167053,-14.340061878189154
1311.9,-23.88527235129513,-4.558784355462458,-12.695479641062812,-16.78722183589656,-2.9885315095273244,-18.10993168379155,-17.359206614442094,-14.581513937769559
1312.0,-23.971850675777887,-4.9824653575525915,-12.687737665798188,-16.945053609127893,-2.6837663608695737,-18.249074095164094,-17.490349202931323,-14.868704606496534
1312.1,-24.099022246941267,-5.4343977341249925,-12.719228953889367,-17.14353961159783,-2.3988951313885702,-18.43059414617979,-17.6703030481729,-15.203865823128881
1312.2,-24.268205386153248,-5.916891593245449,-12.791315234631922,-17.384115818663822,-2.1330337017671885,-18.65616069364022,-17.901971910323354,-15.589955301739797
1312.3,-24.481306786550327,-6.432652901960233,-12.905843930952967,-17.668706792341432,-1.8853975113065782,-18.927993253574734,-18.18913943785857,-16.03080936483241
1312.4,-24.74080314141495,-6.984877487019386,-13.065229613811447,-17.99980734960167,-1.6552889916039408,-19.24896253719584,-18.53668621750564,-16.531360092410438
1312.5,-25.04985484199571,-7.577375103593752,-13.272567512015513,-18.3805963028159,-1.4420870775528267,-19.62273088628815,-18.950900079588088,-17.09794572166331
1312.6,-25.412463698021007,-8.214735901641383,-13.531791029320717,-18.815094225974153,-1.2452384082564376,-20.053948493234614,-19.4399264927252,-17.738761131671374
1312.7,-25.833693052191883,-8.902557957484099,-13.847891638566185,-19.308383618370097,-1.064249913634528,-20.548530177159652,-20.01443721510448,-18.46452658075223
1312.8,-26.319979079889563,-9.647764896974575,-14.22722994235915,-19.866920257460805,-0.8986825459802159,-21.114052256400452,-20.68865280952362,-19.28951030404027
1312.9,-26.879579610574687,-10.459060134698392,-14.677984234861356,-20.498982077908682,-0.7481459647137855,-21.760334575650774,-21.481965651608768,-20.23315160106336
1313.0,-27.523237543461263,-11.347594953120982,-15.210813635098578,-21.215332649992597,-0.6122940206736661,-22.500318782233414,-22.42163852951397,-21.32275951195865
1313.1,-28.26519224196599,-12.327983928812037,-15.839869173861238,-22.030232642581936,-0.4908209161796587,-23.35144122459273,-23.547561338240754,-22.598269585787406
1313.2,-29.124780985211437,-13.419909883994803,-16.584394909740606,-22.9630413497382,-0.38345794077832884,-24.337874301321193,-24.921288115258363,-24.12128098792145
1313.3,-30.129095799832655,-14.650783768672646,-17.471384394455008,-24.0408736051049,-0.2899707014607795,-25.49438868277094,-26.645005255242257,-25.994024784607976
1313.4,-31.317655553650965,-16.06041942250585,-18.540252365531533,-25.303271966693547,-0.21015678136860078,-26.87348069038873,-28.907312589280533,-28.40514509033195
1313.5,-32.75125763019515,-17.709887591455512,-19.85168598136015,-26.81105849225242,-0.14384377337964802,-28.559759983055805,-32.119976399232115,-31.766452148914716
